create database student;
use student;
create table student(
snum int,sname varchar(10),major varchar(2),lvl varchar(2),age int,primary key(snum));
CREATE TABLE faculty(
  fid INT,fname VARCHAR(20),
  deptid INT,
  PRIMARY KEY(fid));
CREATE TABLE class(
  cname VARCHAR(20),
  metts_at TIMESTAMP,
  room VARCHAR(10),
 fid INT,
 PRIMARY KEY(cname),
 FOREIGN KEY(fid) REFERENCES faculty(fid));
CREATE TABLE enrolled(
  snum INT,
  cname VARCHAR(20),
  PRIMARY KEY(snum,cname),
  FOREIGN KEY(snum) REFERENCES student(snum),
  FOREIGN KEY(cname) REFERENCES class(cname));

INSERT INTO STUDENT VALUES(1, 'jhon', 'CS', 'Sr', 19),
(2, 'Smith', 'CS', 'Jr', 20),
(3 , 'Jacob', 'CV', 'Sr', 20),
(4, 'Tom ', 'CS', 'Jr', 20),
(5, 'Rahul', 'CS', 'Jr', 20),
(6, 'Rita', 'CS', 'Sr', 21);

INSERT INTO FACULTY VALUES(11, 'Harish', 1000),
(12, 'MV', 1000),
(13 , 'Mira', 1001),
(14, 'Shiva', 1002),
(15, 'Nupur', 1000);

insert into class values('class1', '12/11/15 10:15:16', 'R1', 14),
('class7', '12/11/15 10:10:10', 'R3', 14),
('class3', '12/11/15 10:15:25', 'R3', 12),
('class4', '12/11/15 20:15:20', 'R4', 14),
('class5', '12/11/15 20:15:20', 'R3', 15),
('class6', '12/11/15 13:20:20', 'R2', 14),
('class10', '12/11/15 10:15:16', 'R128', 14),
('class2', '12/11/15 10:15:20', 'R2', 12);

 insert into enrolled values(1, 'class1'),
 (2, 'class1'), (3, 'class3'),
 (4, 'class3'), (5, 'class4'),
 (1, 'class5'), (2, 'class5'),
 (3, 'class5'), (4, 'class5'),
 (5, 'class5');
 
select * from enrolled;
select * from student;
select * from faculty;
select * from class;

## 6th answer
select distinct s.sname from student s where not exists (select * from enrolled e where e.snum = s.snum); 

## 1st answer
SELECT DISTINCT S.Sname
FROM Student S, Class C, Enrolled E, Faculty F
WHERE S.snum = E.snum AND E.cname = C.cname AND C.fid = F.fid AND
F.fname = 'Harish' AND S.lvl = 'Jr';

# 2nd answer
SELECT C.cname
FROM Class C
WHERE C.room = 'R128'
OR C.cname IN (SELECT E.cname
FROM Enrolled E
GROUP BY E.cname
HAVING count(*) >= 5);

# 3rd answer
SELECT DISTINCT S.sname
FROM student S
WHERE S.snum IN (SELECT E1.snum
FROM enrolled E1, Enrolled E2, class C1, class C2
WHERE E1.snum = E2.snum AND E1.cname <> E2.cname
AND E1.cname = C1.cname
AND E2.cname = C2.cname AND C1.meets_at = C2.meets_at);

SELECT DISTINCT F.fname
FROM Faculty F
WHERE NOT EXISTS ((SELECT C.room FROM Class C)
MINUS
(SELECT C1.room
FROM Class C1
WHERE C1.fid = F.fid ));

## 5th answer
SELECT DISTINCT F.fname
FROM Faculty F
WHERE 5 > (SELECT COUNT(E.snum)
FROM Class C, Enrolled E
WHERE C.cname = E.cname
AND C.fid = F.fid);

# 6th answer
SELECT DISTINCT S.sname
FROM Student S
WHERE S.snum NOT IN (SELECT E.snum
FROM Enrolled E );

select s.sname from student s left join enrolled e on s.snum = e.snum where e.snum is null;